message_id,author_id,attachment_url
0,688391629341458501,https://cdn.discordapp.com/attachments/793871750181027880/857988198932414464/5eiflf.jpg
1,83930319891238912,https://cdn.discordapp.com/attachments/793871750181027880/842312450795896892/59d5y5.gif
2,83930319891238912,https://cdn.discordapp.com/attachments/793871750181027880/824682537145073684/534hvo.jpg
3,83930319891238912,https://cdn.discordapp.com/attachments/793871750181027880/823955420027682836/52u2cn.jpg
4,688391629341458501,https://cdn.discordapp.com/attachments/793871750181027880/819546207432867851/519mbn.jpg
5,688391629341458501,https://cdn.discordapp.com/attachments/793871750181027880/816324540321628200/llg.jpg
6,688391629341458501,https://cdn.discordapp.com/attachments/793871750181027880/816324489419816990/4zmv7i.jpg
7,688391629341458501,https://cdn.discordapp.com/attachments/793871750181027880/816324474474332180/4zmujs.jpg
8,688391629341458501,https://cdn.discordapp.com/attachments/793871750181027880/816324447526191154/4zmrm6.jpg
9,688391629341458501,https://cdn.discordapp.com/attachments/793871750181027880/816324423240908820/4zmskl.jpg
10,688391629341458501,https://cdn.discordapp.com/attachments/793871750181027880/808707730562875402/4xbjnl.jpg
11,688391629341458501,https://cdn.discordapp.com/attachments/793871750181027880/807606508526895114/4wy5md.jpg
12,662322213806014474,https://cdn.discordapp.com/attachments/793871750181027880/807568061762109481/1.PNG
13,688391629341458501,https://cdn.discordapp.com/attachments/793871750181027880/800743037855727626/4u9n57.jpg
14,688391629341458501,https://cdn.discordapp.com/attachments/793871750181027880/800725495079501864/4u9e8l.jpg
15,83930319891238912,https://cdn.discordapp.com/attachments/793871750181027880/800722457132269568/4u9crs.jpg
16,83930319891238912,https://cdn.discordapp.com/attachments/793871750181027880/800715510148497428/unknown.png
17,688391629341458501,https://cdn.discordapp.com/attachments/793871750181027880/799965997032275968/4u1wak.jpg
18,688391629341458501,https://cdn.discordapp.com/attachments/793871750181027880/799963752463204362/4u1vrl.jpg
19,83930319891238912,https://cdn.discordapp.com/attachments/793871750181027880/799730943036227604/4tzjd5.jpg
20,688391629341458501,https://cdn.discordapp.com/attachments/793871750181027880/799683747280322601/4tyn4q.jpg
21,83930319891238912,https://cdn.discordapp.com/attachments/793871750181027880/799682456474091530/4tym7g.gif
22,83930319891238912,https://cdn.discordapp.com/attachments/793871750181027880/799681391574253608/4tylgm.jpg
23,688391629341458501,https://cdn.discordapp.com/attachments/793871750181027880/799669796089757716/4tydof.jpg
24,83930319891238912,https://cdn.discordapp.com/attachments/793871750181027880/799289081153454150/4tt1kr.jpg
25,83930319891238912,https://cdn.discordapp.com/attachments/793871750181027880/799288405280161812/4tt140.jpg
26,688391629341458501,https://cdn.discordapp.com/attachments/793871750181027880/799287935853264927/4tt0q3.jpg
27,688391629341458501,https://cdn.discordapp.com/attachments/793871750181027880/799235910213435392/4tsauq.jpg
28,83930319891238912,https://cdn.discordapp.com/attachments/793871750181027880/798876913091346472/4tn8lp.jpg
29,688391629341458501,https://cdn.discordapp.com/attachments/793871750181027880/798871225798754304/4tn68k.jpg
30,688391629341458501,https://cdn.discordapp.com/attachments/793871750181027880/798224559563079700/migliardi.jpg
31,83930319891238912,https://cdn.discordapp.com/attachments/793871750181027880/798186408598437928/4tdwx0.jpg
32,83930319891238912,https://cdn.discordapp.com/attachments/793871750181027880/798161472681148437/4tdmkh.jpg
33,83930319891238912,https://cdn.discordapp.com/attachments/793871750181027880/797915155986907176/4tb1ad.jpg
34,83930319891238912,https://cdn.discordapp.com/attachments/793871750181027880/797913329091215390/4tb0eh.jpg
35,83930319891238912,https://cdn.discordapp.com/attachments/793871750181027880/797912144619503616/4tazvn.jpg
36,83930319891238912,https://cdn.discordapp.com/attachments/793871750181027880/797910667544756254/4taz9r.jpg
37,688391629341458501,https://cdn.discordapp.com/attachments/793871750181027880/797906905926074378/4tabep.jpg
38,688391629341458501,https://cdn.discordapp.com/attachments/793871750181027880/797906892173213726/4ta8xu.jpg
39,688391629341458501,https://cdn.discordapp.com/attachments/793871750181027880/797906881607630868/4ta8js.jpg
40,688391629341458501,https://cdn.discordapp.com/attachments/793871750181027880/797906866175737906/4ta8o9.jpg
41,688391629341458501,https://cdn.discordapp.com/attachments/793871750181027880/797906852419338330/4ta848.jpg
42,688391629341458501,https://cdn.discordapp.com/attachments/793871750181027880/797906842625900564/4taaz3.jpg
43,688391629341458501,https://cdn.discordapp.com/attachments/793871750181027880/797906828629508116/index.jpg
44,688391629341458501,https://cdn.discordapp.com/attachments/793871750181027880/796655180060819486/4stqej.jpg
45,688391629341458501,https://cdn.discordapp.com/attachments/793871750181027880/796655125187788831/4stsgv.jpg
46,688391629341458501,https://cdn.discordapp.com/attachments/793871750181027880/796654559757205524/jojo.jpg
47,688391629341458501,https://cdn.discordapp.com/attachments/793871750181027880/796654371509239838/4stv8v.jpg
48,688391629341458501,https://cdn.discordapp.com/attachments/793871750181027880/796654231222353930/4svnph.jpg
49,83930319891238912,https://cdn.discordapp.com/attachments/793871750181027880/796391746472247366/4mgy3a.png
50,688391629341458501,https://cdn.discordapp.com/attachments/793871750181027880/796375154216665109/4sqx45.jpg
51,688391629341458501,https://cdn.discordapp.com/attachments/793871750181027880/796375121010360350/k.jpg
52,688391629341458501,https://cdn.discordapp.com/attachments/793871750181027880/796375071962693682/4sqxdf.jpg
53,688391629341458501,https://cdn.discordapp.com/attachments/793871750181027880/796375049368109086/4sqy9m.jpg
54,688391629341458501,https://cdn.discordapp.com/attachments/793871750181027880/796375024927375450/g.jpg
